{
    "Video": {
        "preset-04": {
            "Loopcrossfade": 0.28600001335144043,
            "Contrast": 1.8700000047683716,
            "File": "C:/Program Files/Derivative/TouchDesigner099/Samples/Map/BoxMap.tif",
            "Sy": 1.8,
            "Ty": 0.0,
            "Rotate": 154.0,
            "Opacity": 0.9509999752044678,
            "Tx": 0.0,
            "Blacklevel": 0.1599999964237213,
            "Invert": 0.33000001311302185,
            "Sx": 1.8,
            "Fx": true,
            "Speed": 1.0
        },
        "preset-01": {
            "Loopcrossfade": 0.0,
            "Contrast": 1.0,
            "File": "C:/Program Files/Derivative/TouchDesigner099/Samples/Map/CalWedge.tif",
            "Sy": 1.0,
            "Ty": 0.0,
            "Rotate": 0.0,
            "Opacity": 1.0,
            "Tx": 0.0,
            "Blacklevel": 0.0,
            "Invert": 0.0,
            "Sx": 1.0,
            "Fx": true,
            "Speed": 1.0
        },
        "preset-06": {
            "Loopcrossfade": 0.054999999701976776,
            "Contrast": 1.0499999523162842,
            "File": "C:/Program Files/Derivative/TouchDesigner099/Samples/Map/Count.mov",
            "Sy": 1.8,
            "Ty": 0.0,
            "Rotate": -348.0,
            "Opacity": 0.6140000224113464,
            "Tx": 0.0,
            "Blacklevel": 0.17900000512599945,
            "Invert": 0.8009999990463257,
            "Sx": 1.8,
            "Fx": true,
            "Speed": 1.0
        },
        "preset-02": {
            "Loopcrossfade": 0.0,
            "Contrast": 1.7000000476837158,
            "File": "C:/Program Files/Derivative/TouchDesigner099/Samples/Map/Butterfly6.tif",
            "Sy": 1.0,
            "Ty": 0.0,
            "Rotate": -87.0,
            "Opacity": 1.0,
            "Tx": 0.0,
            "Blacklevel": 0.23999999463558197,
            "Invert": 0.31299999356269836,
            "Sx": 1.0,
            "Fx": true,
            "Speed": 1.0
        },
        "preset-03": {
            "Loopcrossfade": 0.0,
            "Contrast": 3.240000009536743,
            "File": "C:/Program Files/Derivative/TouchDesigner099/Samples/Map/BoxMap.tif",
            "Sy": 1.8,
            "Ty": 0.0,
            "Rotate": 154.0,
            "Opacity": 0.796999990940094,
            "Tx": 0.0,
            "Blacklevel": 0.23999999463558197,
            "Invert": 0.7860000133514404,
            "Sx": 1.8,
            "Fx": true,
            "Speed": 1.0
        },
        "preset-05": {
            "Loopcrossfade": 0.19200000166893005,
            "Contrast": 1.7599999904632568,
            "File": "C:/Program Files/Derivative/TouchDesigner099/Samples/Map/PalaceOfFineArts-360Designs.io.jpg",
            "Sy": 1.8,
            "Ty": 0.0,
            "Rotate": 0.0,
            "Opacity": 0.9509999752044678,
            "Tx": 0.0,
            "Blacklevel": 0.25999999046325684,
            "Invert": 0.11500000208616257,
            "Sx": 1.8,
            "Fx": true,
            "Speed": 1.0
        }
    }
}